Company,Name,Cleaned-up Name
21st.Bio,21st.Bio,21st.BIO
70/30 Food Tech,70/30 Food Tech,70/30 Food Tech
Adamo Foods,Adamo Foods Ltd,Adamo Foods
Deep Branch Biotechnology,Aerbio Formerly Marsor Dk Aps AS,Aerbio
Deep Branch,DEEP BRANCH BIOTECHNOLOGY LTD,Aerbio
Agro Ludens,Agro Ludens,Agro Ludens
Agro Ludens,Agro Ludens; Agro Ludens Inc,Agro Ludens
ÄIO,ÄIO,ÄIO
Air Protein,AIR PROTEIN INC,Air Protein
Air Protein,Kiverdi Inc,Air Protein
Air Protein,Air Protein,Air Protein
Air Protein,แอร์ โพรทีน,Air Protein
Air Protein,エア プロテイン，インコーポレイテッド,Air Protein
Algama,Algae Co,Algama
Algama,Algama; Algama SAS,Algama
Algama,ALGAMA; AVIGNON UNVERSITE,Algama
Algama,ALGAMA; UNIV D'AVIGNON ET DES PAYS DE VAUCLUSE,Algama
Algama,KAHATAPITIYA ALGAMA NADIE,Algama
Algama,KAHATAPITIYA ALGAMA NADIE; KAHATAPITIYA LALITH,Algama
Algama,KAHATAPITIYA LALITH; KAHATAPITIYA ALGAMA NADIE,Algama
Algama,Universite dAvignon et des Pays de Vaucluse; Algama SAS,Algama
Algama,Algama S A,Algama
Algama,Algama SAS,Algama
Algama,ALGAMA,Algama
Algama,Seafood Reboot SAS,Algama
Algae Co,アルガマ,Algama
Algenuity,org_names_raw:(Algenuity),Algenuity
Algenuity,Algenuity Ltd,Algenuity
Algenuity,ALGENUITY B.V.,Algenuity
Algenuity,Algenuity Holdings Ltd,Algenuity
Algenuity,Algenuity BV,Algenuity
Algrow Biosciences,Algrow Biosciences,Algrow Biosciences
ALL G Foods,ALL G FOODS HOLDINGS PTY LTD,All G
Allium Bio,Allium Bio,Allium Bio
Almendra,ALMENDRA Pte Ltd,Almendra
Almendra,Almendra PteLtd,Almendra
Almendra,Almendra Private Ltd,Almendra
Alver World,ALVER BV,Alver
Alver World SA,Alver World Sa,Alver
Amai Proteins,Amai Proteins Ltd.,Amai Proteins
Amai Proteins,Amai Protein Ltd,Amai Proteins
Amai Proteins,Amai Proteins Ltd,Amai Proteins
Amai Proteins,AMAI PROTEINS LTD; TECHNION RES & DEV FOUNDATION,Amai Proteins
Amai Proteins,Amai Proteins Ltd; Technion Research and Development Foundation Ltd,Amai Proteins
Amai Proteins,AMAI PROTEINS LTD; ILAN SAMISH; Itamar KASS; Dalit HECHT,Amai Proteins
Angel Yeast Co,Angel Yeast Co Ltd,Angel Yeast
Angel Yeast,Angel Nutt Co ltd; Angel Yeast Co Ltd,Angel Yeast
Aqua Cultured Foods,AQUACULTURED FOODS INC,Aqua Cultured Foods
Ark Biotech,Ark Biotech Inc,Ark Biotech
Ark Biotech,ARK BIOTECH INC,Ark Biotech
Arkeon Biotechnologies,ARKEON GMBH,Arkeon Biotechnologies
Asahi Group Holdings Ltd,Asahi Group Holdings Ltd,Asahi Group
Asterix Foods,Asterix Foods,Asterix Foods
Balletic Foods,Balletic Foods,Balletic Foods
Better Dairy,Better Dairy Ltd,Better Dairy
Better Dairy,베터 데어리 리미티드,Better Dairy
Beiyou Dairy Co ltd,Beiyou Dairy Co ltd,Better Dairy
Better Meat Company,Batel Meat Products Co,Better Meat Company
Better Meat Company,THE BETTER MEAT COMPANY,Better Meat Company
Better Meat Company,Batel Meat Products Co; Better Meat Co,Better Meat Company
Better Meat Company,THE BETTER MEAT CO,Better Meat Company
The Better Meat Co.,Better Meat Co,Better Meat Company
Better Nature Ltd,BETTER NATURE LTD,Better Nature Ltd
betterland foods,betterland foods,betterland foods
Bevo Biotehnoloske Resitve doo,Bevo Biotehnoloske Resitve doo,Bevo Biotehnoloske Resitve doo
Biofect Innovations Inc,Biofect Innovations Inc,Biofect Innovations
BK GIULINI GMBH,BK GIULINI GMBH,BK GIULINI GMBH
BK GIULINI GMBH,BK Giulini GmbH,BK GIULINI GMBH
Blue Canopy,Blue Canopy,Blue Canopy
Bolder Foods,BOLDER FOODS SA,Bolder Foods
Bolder Foods,Bolder Foods Sa,Bolder Foods
Bond Pet Foods,BOND PET FOODS INC,Bond Pet Foods
Bosque Foods,Bosque Foods,Bosque Foods
Brevel,BREVEL LTD,Brevel
Brevel,BREVEL LTD; IDO GOLAN,Brevel
Brevel,BREVEL LTD; IDO GOLAN; LEVIT AMIR; PELED SHLOMIT; AZULAI YEHONATAN,Brevel
Brevel,BREVEL LTD; IDO GOLAN; YONATHAN AZOULAY,Brevel
Brig Bio,Brig Bio,Brig Bio
Sas C&dac,Sas C&dac,C&dac
C&dac,C&dac,C&dac
c16 Biosciences,C16 BIOSCIENCES INC,c16 Biosciences
C16 Biosciences,C16 BIOSCIENCES INC; YONG GONZALEZ VLADIMIR; MCNAMARA HAROLD M; TICKU SHARA; HELLER DAVID; MOEVUS CORENTIN,c16 Biosciences
Calidris Bio,Calidris Bio,Calidris Bio
Calysta,Calysta Inc,Calysta
Calysta,Calysta Inc; Calysta Energy Inc,Calysta
Calysta,CALYSTA INC; SAVILLE RENEE M; LEE SUNGWON; REGITSKY DREW D; RESNICK SOL M,Calysta
Calysta,"CALYSTA,INC.",Calysta
Calysta,Kai Lisita Co; Calysta Inc,Calysta
Calysta,"PSP HOLDINGS CO.,LTD; I Pro Co Ltd; Calysta Inc",Calysta
Calysta,UNIV OF CALIFORNIA BERKELEY; CALYSTA INC,Calysta
Calysta,University of California; Calysta Inc,Calysta
Cargill,Cargill Inc,Cargill Food Ingredients
Cassius AB,Cassius AB,Cassius AB
CatchFree,CatchFree,catchfree
Change Foods,CHANGE FOODS INC,Change Foods
Changing Biotech,SHANGHAI CHANGING BIOTECH CO LTD,Changing Bio
Changing Biotech,Shanghai Changing Biotech Co Ltd; Shanghai Changing Biotech Co ltd,Changing Bio
Checkerspot,CHECKERSPOT INC,Checkerspot
Checkerspot,Kansas Polymer Research Center; Checkerspot Inc,Checkerspot
China Meat Research Centre,China Meat Research Centre,China Meat Research Centre
CHUNG JAE WOOK,CHUNG JAE WOOK,CHUNG JAE WOOK
Chunk Foods,CHUNK FOODS INC; LAMPERT SHALOM,Chunk Foods
Chunk Foods,Chunk Foods Inc,Chunk Foods
Chunk Foods,CHUNK FOODS INC; GOLAN AMOS,Chunk Foods
Circe,Circe Biotechnologie GmbH,Circe Biotech
CIRCE BIOTECHNOLOGIE GMBH; PLA PILLANS PHILIP ANTONIO,CIRCE BIOTECHNOLOGIE GMBH; PLA PILLANS PHILIP ANTONIO,Circe Biotech
Circe Biotechnologie GmbH; Mmotong Thapelo Carl,Circe Biotechnologie GmbH; Mmotong Thapelo Carl,Circe Biotech
CJ Cheiljedang,CJ CheilJedang Corp,CJ CheilJedang
"CJ CheilJedang Co.,Ltd.","CJ CheilJedang Co.,Ltd.",CJ CheilJedang
CJ CheilJedang Co.,씨제이제일제당 (주),CJ CheilJedang
Clean Food Group,Clean Food Group Ltd,Clean Food Group
Corbion,CORBION BIOTECH INC,Corbion
Corbion,CORBION BIOTECH INC; JOHN FINLEY; RACHELLE KARPELES; SOLAZYME ROQUETTE NUTRITIONALS LLC,Corbion
Corbion,Corbion Biotech Inc; Louisiana State University,Corbion
Corbion,CORBION BIOTECH INC; PURAC BIOCHEM B V,Corbion
Corbion,CORBION BIOTECH INC; PURAC BIOCHEM BV,Corbion
Corbion,CORBION BIOTECH INC; ROQUETTE FRERES,Corbion
Corbion,CORBION BIOTECH INC; SOLAZYME INC; TERRAVIA HOLDINGS INC,Corbion
Corbion,CORBION BIOTECH INC; SOLAZYME ROQUETTE NUTRITIONALS LLC,Corbion
Corbion,"Corbion Biotech,Inc",Corbion
Corbion,"CORBION BIOTECH,INC.",Corbion
Corbion,Corbyn Biotech; Corbion Biotech Inc,Corbion
Corbion,Iowa State University Research Foundation ISURF; TerraVia Holdings Inc; Corbion Biotech Inc,Corbion
Corbion,Kirbyn Biotech Corp; Corbion Biotech Inc,Corbion
Corbion,Louisiana State University; Corbion Biotech Inc,Corbion
Corbion,PURAC BIOCHEM BV; CORBION BIOTECH INC,Corbion
Corbion,ROQUETTE FRERES; CORBION BIOTECH INC,Corbion
Corbion,University of Manitoba; Corbion Biotech Inc,Corbion
Terravia,TerraVia Holdings Inc,Corbion
Terravia,SOLAZYME INC,Corbion
Terravia,Kirbyn Biotech Corp,Corbion
Corbion,SOLAZYME ROQUETTE NUTRITIONALS LLC,Corbion
Corbion,테라비아 홀딩스 인코포레이티드,Corbion
Corbion,SOLAZYME INC; BROOKS GEOFFREY; FRANKLIN SCOTT; AVILA JEFF; DECKER STEPHEN M; BALIU ENRIQUE; RAKITSKY WALTER; PIECHOCKI JOHN; ZDANIS DANA; NORRIS LESILE M,Corbion
Kirbyn Biotech Corp,Kirbyn Biotech Corp,Corbion
Koninklijke Cooperatie Cosun UA,Koninklijke Cooperatie Cosun UA,Cosun Protein
Cosun,コーペラティエ コーニンクレッカ コスン ウー．アー．,Cosun Protein
,Court Ltd AB,Court Ltd AB
Cultivated Biosciences,CULTIVATED BIOSCIENCES SA,Cultivated Biosciences
,Cura Global Health BVI Ltd,Cura Global Health BVI Ltd
Daesang Corp,DAESANG CORP,Daesang
DairyX,DairyX,DairyX
Daisy Lab,DAISY LAB LTD,Daisy Lab
De Novo Dairy,De Novo Dairy,De Novo FoodLabs
De Novo Foodlabs,De Novo Foodlabs,De Novo FoodLabs
DMK Deutsches Milchkontor GmbH,DMK Deutsches Milchkontor GmbH,DMK Deutsches Milchkontor GmbH
Done Properly Co SpA,Done Properly Co SpA,Done Properly
DSM,DSM IP ASSETS BV,DSM-Firmenich
DTU,Danmarks Tekniske Universitet,DTU
International N&H Denmark ApS,International N&H Denmark ApS,Dupont Nutrition & Health
Dupont Nutrition & Health (IFF),International N&H Denmark ApS; Danisco US Inc,Dupont Nutrition & Health
Dupont Nutrition & Health (IFF),Internation N&h Denmark Aps,Dupont Nutrition & Health
Ecovative (MyForest Foods),Ecovative LLC,Ecovative
Ecovative (MyForest Foods),RENSSELAER POLYTECH INST; ECOVATIVE DESIGN LLC,Ecovative
Ecovative (MyForest Foods),RENSSELAER POLYTECH INST; ECOVATIVE DESIGN LLC OF,Ecovative
Ecovative (MyForest Foods),Rensselaer Polytechnic Institute; Ecovative Design LLC,Ecovative
MyForest Foods (Atlast),ECOVATIVE DESIGN LLC,Ecovative
Eden Brew,Eden Brew,Eden Brew
Edonia,Edonia,Edonia
Eggmented Reality,EGGMENTED REALITY LTD,Eggmented Reality
Eggmented Reality,EGGMENTED REALITY LTD; MIGAL GALILEE RES INSTITUTE LTD,Eggmented Reality
Eggmented Reality,Eggmented Reality Ltd; Migal Galilee Research Institute Ltd,Eggmented Reality
Eighth Day Foods,EIGHTH DAY FOODS HOLDINGS PTY LTD,Eighth Day Foods
Emmay,Emmay,Emmay
eniferBio,ENIFERBIO OY,Enifer
Enough,3F BIO LTD,ENOUGH
Enough,3f Bio Ltd,ENOUGH
Equii (Cella Farms),Cella Farms,Equii (Cella Farms)
Equii (Cella Farms),Cella Farms Inc,Equii (Cella Farms)
Equii (Cella Farms),Cella Farms Inc; GHOTRA BALJIT,Equii (Cella Farms)
Esencia Foods,Esencia Foods,Esencia Foods
Esencia Foods,Esencia Foods Ug Haftungsbeschraenkt,Esencia Foods
Eternal Mycofood,Mycofood Us LLC,Eternal
The EVERY Company,Clara Foods Co Daly City Us,EVERY
The EVERY Company,"CLARA FOODS CO.,DALY CITY,US",EVERY
The EVERY Company,Every Co,EVERY
The EVERY Company,CLARA FOODS CO,EVERY
Clara Foods Co.,Clara Foods Co.,EVERY
Farmless,Farmless Holding BV,Farmless
Farmless,FARMLESS HOLDING B V,Farmless
Fender Group,Fender Group,Fender Group
Fermentationexperts AS,Fermentationexperts AS,FermentationExperts
FERMENTATIONEXPERTS AS,FERMENTATIONEXPERTS AS,FermentationExperts
Fermify,Fermify Gmbh,Fermify
Fermentation Technologies Ltd,Fermentation Technologies Ltd,Fermtech
Fermentation Tech Ltd,Fermentation Tech Ltd,Fermtech
Firmenich SA,Firmenich SA,DSM-Firmenich
Fooditive Group,Fooditive Group,Fooditive Group
Foreverbio Innovations Pty Ltd,Foreverbio Innovations Pty Ltd,Foreverbio Innovations
Formo,Formo Bio GmbH,Formo
Funki Foods,Funki Foods,FUNKI
Future Cow Technologies,Future Cow Technologies,Future Cow
FUTURE COW TECHNOLOGIES LTDA,FUTURE COW TECHNOLOGIES LTDA,Future Cow
Fybraworks Foods,FYBRAWORKS FOODS INC,Fybraworks Foods
Gadot Biochemical Industries Ltd; Gadot Biochemical Ind Ltd,Gadot Biochemical Industries Ltd; Gadot Biochemical Ind Ltd,Gadot Biochemical
Geltor,Geltor Inc,Geltor
Geltor,Gerto Co; Geltor Inc,Geltor
Givaudan,Givaudan SA,Givaudan
Givaudan,ジボダン エス エー,Givaudan
Gongju National University Industry-Academia Cooperation Foundation,공주대학교 산학협력단,Gongju National University Industry-Academia Cooperation Foundation
National Gongju University Industry-Academia Cooperation Foundation,국립공주대학교 산학협력단,Gongju National University Industry-Academia Cooperation Foundation
Green Spot Technologies,Green Spot Technologies,Green Spot Technologies
Green Spot Technologies Ltd,Green Spot Technologies Ltd,Green Spot Technologies
Green Spot Technologies Sas,Green Spot Technologies Sas,Green Spot Technologies
Green Spot Tech; Green Spot Technologies,Green Spot Tech; Green Spot Technologies,Green Spot Technologies
gyeonggi-do,경기도,gyeonggi-do
HANWHA SOLUTIONS CORP,HANWHA SOLUTIONS CORP,Hanwha Solutions Corp
Hanwha Solutions Corp,"Hanwha Solutions Co.,Ltd.",Hanwha Solutions Corp
Hanwha Solutions Corp,HANWHA SOLUTIONS CORP; UNIV CHUNG ANG IND ACAD COOP FOUND,Hanwha Solutions Corp
Hanwha Solutions Corp,한화솔루션 주식회사; 중앙대학교 산학협력단,Hanwha Solutions Corp
Hefei University of Technology,Hefei University of Technology,Hefei University of Technology
Helaina,HELAINA INC,Helaina
Hochland SE,Hochland SE,Hochland
Houdek,PRAIRIE AQUATECH LLC; NATES SERGIO F,Houdek
Houdek,SOUTH DAKOTA INNOVATION PARTNERS LLC,Houdek
Houdek (Prairie Aquatech),Prairie Aquatech,Houdek
Houdek,DAST LLC DBA PRAIRIE AQUATECH,Houdek
Houdek,NATES SERGIO F; PRAIRIE AQUATECH LLC,Houdek
Houdek,Prairie Aquatech Dast LLC,Houdek
Houdek,PRAIRIE AQUATECH LLC,Houdek
Houdek,PRAIRIE AQUATECH LLC; HARSTAD DENNIS; NATES SERGIO F,Houdek
Hyfé,HYFE FOODS INC,Hyfe Foods
Hyfe Foods,HYFE FOODS INC,Hyfe Foods
IFF,INT N&H DENMARK APS; DANISCO US INC,IFF (International Flavors & Fragrances)
Imagindairy,IMAGINDAIRY LTD,Imagindairy
Imagindairy,IMAGINDAIRY LTD; ABO ARIE; LAVY ALPEROVITCH ARIELLA,Imagindairy
Impossible Foods,"MARAXI,INC.",Impossible Foods
Impossible Foods,Impossible Foods,Impossible Foods
Impossible Foods,Brown Patrick Oreilly; Impossible Foods Inc,Impossible Foods
Impossible Foods,Extraordinary Food Co ltd; Impossible Foods Inc,Impossible Foods
Impossible Foods,IMPOSSIBLE FOODS INC; BOULET AUDET MAXIME; KHATAYEVICH DMITRIY; LI XIN; NAZARI NASRABAD BEHZAD; GOIZUETA INES RESANO; SOLOMATIN SERGEY; WANG HUI; COHN ELYSIA; GRESSWELL CAROLYN; PURUSHOTHAMAN SOWMYA; WYSONG KELSIE,Impossible Foods
Impossible Foods,IMPOSSIBLE FOODS INC; COHN ELYSIA; GRESSWELL CAROLYN; PURUSHOTHAMAN SOWMYA; WYSONG KELSIE,Impossible Foods
Impossible Foods,IMPOSSIBLE FOODS INC; GRZANICH STEPHANIE S; KLAPHOLZ SUE; VOCCOLA LYNN S; GRIFFITHS MARJORIE RONAN,Impossible Foods
Impossible Foods,IMPOSSIBLE FOODS INC; HOYT MARTIN ANDREW; GUO XIAO; SHANKAR SMITA,Impossible Foods
Impossible Foods,IMPOSSIBLE FOODS INC; KALE ANIKET; VARADAN RANJANI; DAVIS SIMON CHRISTOPHER,Impossible Foods
Impossible Foods,IMPOSSIBLE FOODS INC; ROY CHAUDHURI BISWAJOY; SHANKAR SMITA,Impossible Foods
Impossible Foods,IMPOSSIBLE FOODS INC; THE BOARD OF TRUSTEES OF THE LELAND STANFORD JUNIOR UNIVERSITY,Impossible Foods
Impossible Foods,IMPOSSIBLE FOODS INC; UNIV LELAND STANFORD JUNIOR,Impossible Foods
Impossible Foods,IMPOSSIBLE FOODS INC; VARADAN RANJANI; SOLOMATIN SERGEY; HOLZ-SCHIETINGER CELESTE; COHN ELYSIA; KLAPHOLZ-BROWN ARIEL; SHIU JENNIFER WOAN-YI; KALE ANIKET; KARR JESSICA; FRASER RACHEL,Impossible Foods
Impossible Foods,IMPOSSIBLE FOODS INC.,Impossible Foods
Impossible Foods,Leland Stanford Junior University; Impossible Foods Inc,Impossible Foods
Impossile Foods,IMPOSSIBLE FOODS INC,Impossible Foods
Impossible Foods,インポッシブル フーズ インコーポレイテッド,Impossible Foods
Impossible Foods,임파서블 푸즈 인크.,Impossible Foods
Impossible Foods,IMPOSSIBL FUDZ INK,Impossible Foods
Impossible Foods,SAND HILL FOODS Inc,Impossible Foods
Impossible Foods,IMPOSSIBLE FOODS INC; THE BOARD OF TRUSTEES OF THE UNIVERSITY OF THE LELAND STANFORD JUNIOR UNIVERSITY,Impossible Foods
Infinite Roots,MUSHLABS GMBH,Infinite Roots
Infinite Roots,Mushrabus Gesellschaft Mit Beschlenktel Haftung,Infinite Roots
Infinite Roots (frmly MushLabs),ムシュラブス ゲゼルシャフト ミット ベシュレンクテル ハフツング,Infinite Roots
Ingrediome,Ingrediome Inc.,Ingrediome
Ingrediome,INGREDIOME INC,Ingrediome
Innocent Meat,Innocent Meat,Innocent Meat
Innomy,INNOMY BIOTECH,Innomy
Innomy,INNOMY BIOTECH S L,Innomy
Innomy,Innomy Biotech SL,Innomy
Innomy,"INNOMY BIOTECH,S.L",Innomy
INTAKE CO LTD; UNIV CHUNG ANG IND ACAD COOP FOUND,INTAKE CO LTD; UNIV CHUNG ANG IND ACAD COOP FOUND,INTAKE
Ironic Biotech,Ironic Biotech,Ironic Biotech
Ironic Biotech,Ironic AB,Ironic Biotech
Jiangnan University,Jiangnan University; Inner Mongolia Mengniu Dairy Group Co Ltd,Jiangnan University
Jiangnan University,Jiangnan University,Jiangnan University
Jiangxi Fushine Biotech,Jiangxi Fuxiang Biotechnology Co ltd,Jiangxi Fushine Biotechnology
Jiangxi Fushine Biotech,Jingdezhen Fuxiang Pharmaceutical Co ltd; Jiangxi Fuxiang Biotechnology Co ltd,Jiangxi Fushine Biotechnology
Jooules,Jooules,Jooules
KAIST,Korea Advanced Institute of Science and Technology KAIST,KAIST
KAIST,Korea Advanced Institute of Science and Technology,KAIST
Kangma Healthcode Shanghai Biotech Co Ltd,Kangma Healthcode Shanghai Biotech Co Ltd,Kangma Healthcode Shanghai Biotech Co Ltd
Kikkoman Corp,KIKKOMAN CORP; UNIV TOKYO,Kikkoman Corp
Kikkoman Corp,Kikkoman Corp; University of Tokyo NUC,Kikkoman Corp
Jooules,YISSUM RES DEV CO OF HEBREW UNIV JERUSALEM LTD; KINOKO TECH LTD,Jooules
Kinoko Tech,Kinoko Tech Ltd; Yissum Research Development Co of Hebrew University of Jerusalem,Jooules
Kinoko-Tech,KINOKO TECH LTD,Jooules
Kongju National Univeristy,NAT UNIV KONGJU IND UNIV COOP FOUND,Kongju National Univeristy
NAT UNIV PUKYONG IND UNIV COOP FOUND; NAT UNIV KONGJU IND UNIV COOP FOUND,NAT UNIV PUKYONG IND UNIV COOP FOUND; NAT UNIV KONGJU IND UNIV COOP FOUND,Kongju National Univeristy
Kontor N GmbH,Kontor N & Co Kg GmbH,Kontor N GmbH
Koralo,KORALO GMBH,Koralo
UNIV KOREA RES & BUS FOUND,UNIV KOREA RES & BUS FOUND,Korea University Research and Business Foundation
KUEHNLE AGROSYSTEMS Inc,KUEHNLE AGROSYSTEMS Inc,Kuehnle Agrosystems
Kynda Biotech,KYNDA BIOTECH,Kynda Biotech
Kynda Biotech,"KYNDA BIOTECH GMBH,DE",Kynda Biotech
Kynda Biotech De GmbH,Kynda Biotech De GmbH,Kynda Biotech
Kynda Biotech GmbH,Kynda Biotech GmbH,Kynda Biotech
,La Revolution Champignon SAS,La Revolution Champignon SAS
Lanjia Biotechnology Co ltd,Lanjia Biotechnology Co ltd,Lanjia Biotechnology Co ltd
Alliance for Sustainable Energy LLC; University of Washington Center for Commercialization; Lanzatech NZ Inc,Alliance for Sustainable Energy LLC; University of Washington Center for Commercialization; Lanzatech NZ Inc,Lanzatech NZ Inc
Beijing Shougang Langze Technology Co ltd; Lanzatech NZ Inc,Beijing Shougang Langze Technology Co ltd; Lanzatech NZ Inc,Lanzatech NZ Inc
Lanzatech NZ Inc,Beijing Shougang Lanzatech Technology Co Ltd,Lanzatech NZ Inc
Levur,Levur,Levur
Libre Foods,LIBRE FOODS BIOTECH S.L.,Libre Foods
Libre Foods Biotech SL,Libre Foods Biotech SL,Libre Foods
Livekindly Company,Livekindly Company Switzerland GmbH,LIVEKINDLY Collective
Liven Proteins,Liven Proteins Corp,Liven Proteins
Luya Foods,Luya Foods Ag,Luya
Luya Foods,LUYA FOODS AG,Luya
Luyef Biotech,Luyef Biotechnologies Chile SpA,Luyef Biotechnologies
Luyef Biotech,Luyef Biotechnologies,Luyef Biotechnologies
Luyef Biotech,LUYEF BIOTECHNOLOGIES INC,Luyef Biotechnologies
MAASH Co.,MAASH Co.,Maash
Maia Farms,Maia Farms,Maia Farms
Marlow (Quorn),BOC Group Ltd; Marlow Foods Ltd,Marlow Ingredients
Marlow (Quorn),BRADDOCK MOTIVE POWER Co; Marlow Foods Ltd,Marlow Ingredients
Marlow (Quorn),ITT Automotive Europe GmbH; Marlow Foods Ltd,Marlow Ingredients
Marlow (Quorn),MARLOW FOODS LTD A BRITISH COMPANY,Marlow Ingredients
Marlow (Quorn),MARLOW FOODS LTD MIDDLESBROUGH,Marlow Ingredients
Marlow (Quorn),MARLOW FOODS LTD; FINNIGAN TIMOTHY JOHN ANDREW; AKINTOYE MUYIWA,Marlow Ingredients
Marlow (Quorn),MARLOW FOODS LTD; FINNIGAN TIMOTHY JOHN ANDREW; BLANCHARD ROBIN,Marlow Ingredients
Marlow (Quorn),Marlow Foods Ltd; Heriot Watt University,Marlow Ingredients
Marlow (Quorn),MARLOW FOODS LTD; UNIV HERIOT WATT,Marlow Ingredients
Marlow Foods,MARLOW FOODS LTD,Marlow Ingredients
Marlow Foods Limied; Marlow Foods Ltd; Heriot Watt University,Marlow Foods Limied; Marlow Foods Ltd; Heriot Watt University,Marlow Ingredients
MatiFoods,MatiFoods,Mati Foods
Matr Foods,Matr Foods Aps,MATR Foods
Matr Foods,MATR FOODS APS; SOMMER MORTEN OTTO ALEXANDER; MADSEN Nikolaj Fackler; MEGIAS CRISTINA,MATR Foods
Meati,Emulgy Incorporated,Meati
Meati,Emergy Co ltd,Meati
Meati,Emulgy Incorporated,Meati
Meati,EMERGY INC,Meati
Meati (Emergy Inc),エマルジー インコーポレイテッド,Meati
The Mediterranean Food Lab (MFL),The Mediterranean Food Lab Ltd,The Mediterranean Food Lab (MFL)
The Mediterranean Food Lab (MFL),THE MEDITERRANEAN FOOD LAB LTD; GOLDBERG BEN Z,The Mediterranean Food Lab (MFL)
Meeat Foodtech Oy,MEEAT FOOD TECH OY,Meeat
Melt & Marble,MELT& MARBLE AB,Melt&Marble
Melt & Marble,MELT&MARBLE AB,Melt&Marble
The Mediterranean Food Lab (MFL),Melt & Marble AB; Melt&Marble AB,Melt&Marble
Melt & Marble AB,Melt & Marble AB,Melt&Marble
Meridian Biotech,Meridian Biotech,Meridian Biotech
Michroma Corp,Michroma Corp,Michroma
Microharvest,MICROHARVEST GMBH,MicroHarvest
Microo Food Ingredients SL,Microo Food Ingredients SL,Microo Food Ingredients SL
Microo Food Ingredients SL,MICROO FOOD INGREDIENTS S L,Microo Food Ingredients SL
Miklo Food Ingredients Co ltd,Miklo Food Ingredients Co ltd,Microo Food Ingredients SL
Millow,Millow Holding AB,Millow
Mitsubishi Corp Life Sciences Ltd,MITSUBISHI CORPORATION LIFE SCIENCES LTD,Mitsubishi International Food Ingredients
Mitsubishi Corp Life Sciences Ltd,Mitsubishi Corp Life Sciences Ltd,Mitsubishi International Food Ingredients
Moa Biotech,Moa Biotech SL,Moa Biotech
Moa Biotech,Moa Biotech Sl,Moa Biotech
MOA Foodtech,MOA Foodtech,MOA Foodtech
Mooji Meats Inc,Mooji Meats Inc,Mooji Meats
MOONLAB Foods,MOONLAB Foods,MOONLAB Foods
More Alternative Foods Ltd,More Alternative Foods Ltd,More Alternative Foods Ltd
More Alternative Foods Ltd,モア オルタナティブ フーズ リミテッド,More Alternative Foods Ltd
More Foods Innotech,More Foods Innotech,More Foods Innotech
More Meat,More Meat,More Meat
"MoreMeat - MoreMeat (Guangzhou) Biotech Co.,Ltd","MoreMeat - MoreMeat (Guangzhou) Biotech Co.,Ltd",More Meat
Motif FoodWorks,MOTIF FOODWORKS INC,Motif Foodworks
Motif Foodworks,Theme Food Factory Co,Motif Foodworks
Muu,Muu,Muu
Myco4Food Aps,Myco4Food,Myco4Food
Mycofeast,Mycofeast LTD,Mycofeast
MycoHoldings,MycoHoldings,MycoHoldings
MycoTechnology,MYCOTECHNOLOGY INC,MycoTechnology
MycoTechnology,Mycotechnology Inc; Myco Technology Inc,MycoTechnology
MycoTechnology,MYCOTECHNOLOGY INC; NADAL MARINA; CLARK ANTHONY J; GUO ZHEYUAN; GRAVINA STEPHEN A; WESTGATE ANTHONY; ALKOTAINI BASSAM; HAN ASHLEY; SHARKEY BRENDAN; STRASSBURGER EVAN; MEILEN JOSEPH; LANGAN JAMES PATRICK,MycoTechnology
MycoTechnology,Mycotecnology Inc; Mycotechnology Inc,MycoTechnology
Mycotechnology,Mycotechnology,MycoTechnology
MYCOTECHNOLOGY INC; NADAL MARINA; CLARK ANTHONY J; GUO ZHEYUAN; GRAVINA STEPHEN A; WESTGATE ANTHONY; ALKOTAINI BASSAM; SHARKEY BRENDAN; MEILEN JOSEPH; LANGAN JAMES PATRICK; INGWERS MILES; CONNORS DANIEL EDWARD; EDWARDS MICHAEL G; PATNAIK RANJAN; VAN SIMAEYS KARLI R; JAACKS BENJAMIN,MYCOTECHNOLOGY INC; NADAL MARINA; CLARK ANTHONY J; GUO ZHEYUAN; GRAVINA STEPHEN A; WESTGATE ANTHONY; ALKOTAINI BASSAM; SHARKEY BRENDAN; MEILEN JOSEPH; LANGAN JAMES PATRICK; INGWERS MILES; CONNORS DANIEL EDWARD; EDWARDS MICHAEL G; PATNAIK RANJAN; VAN SIMAEYS KARLI R; JAACKS BENJAMIN,MycoTechnology
Mycotechnology,マイコテクノロジー，インコーポレーテッド,MycoTechnology
Mycovation,Mycovation,Mycovation
Mycoworks,MYOWORKS PVT LTD,Myoworks
Mycsology Foods Inc,Mycsology Foods Inc,Mycsology
Myforest Foods Co,Myforest Foods Co,MyForest Foods
Mynu Corp,Mynu Corp,Mynu Corp
Mynu Corp,주식회사 마이뉴,Mynu Corp
Nanjing Normal University,Nanjing Normal University,Nanjing Normal University
Naplasol BV,NAPLASOL BV,Naplasol
Natural Resources Institute Finland,LUONNONVARAKESKUS,Natural Resources Institute Finland
Nature's Fynd,SUSTAINABLE BIOPRODUCTS INC,Nature's Fynd
Natures's Fynd,Fynder Group Inc,Nature's Fynd
Natures's Fynd,Susatinable Bioproducts Holdings LLC; Fynder Group Inc,Nature's Fynd
Natures's Fynd,THE FYNDER GROUP INC,Nature's Fynd
Natures's Fynd,THE FYNDER GROUP INC; ANVARI MOHAMMAD; CHEGENI JACOB,Nature's Fynd
Natures's Fynd,THE FYNDER GROUP INC; ECKSTROM ELEANORE BROPHY,Nature's Fynd
Natures's Fynd,THE FYNDER GROUP INC; KOZUBAL MARK A; MACUR RICHARD E; AVNIEL YUVAL C; HAMILTON MAXIMILIAN DEVANE,Nature's Fynd
Natures's Fynd,THE FYNDER GROUP INC; KREIDLY NAHLA; AGARWAL SHANTANU,Nature's Fynd
Natures's Fynd,THE FYNDER GROUP INC; MACUR RICHARD EUGENE; AVNIEL YUVAL CHARLES; BLACK RENATA USAITE; HAMILTON MAXIMILIAN DEVANE; HARNEY MICHAEL JOHN; ECKSTROM ELEANORE BROPHY; KOZUBAL MARK ANDREW,Nature's Fynd
Natures's Fynd,"THE FYNDER GROUP,INC.",Nature's Fynd
Natures's Fynd,Fynder Group,Nature's Fynd
Natures's Fynd,THE FYNDER GROUP INC; KLOPF BRIAN; WALTS ERICK; ECKSTROM ELEANORE BROPHY,Nature's Fynd
Natures's Fynd,THE FYNDER GROUP INC; ECKSTROM ELEANORE BROPHY; GHOTRA BALJIT; AVNIEL YUVAL; KLOPF BRIAN; KAWABATA JESSICA; CARRE ERIC,Nature's Fynd
Natures's Fynd,THE FYNDER GROUP INC; KAWABATA JESSICA OKANE; ECKSTROM ELEANORE BROPHY; GHOTRA BALJIT SINGH; AVNIEL YUVAL CHARLES; CANONNE S?bastien Raymond; KREIDLY NAHLA; AGARWAL SHANTANU; BRIAN KLOPF,Nature's Fynd
Natures's Fynd,THE FYNDER GROUP INC; HARNEY MICHAEL JOHN; MACUR RICHARD EUGENE; AVNIEL YUVAL CHARLES,Nature's Fynd
Fender Group; Fynder Group Inc,Fender Group; Fynder Group Inc,Nature's Fynd
SUSTAINABLE BIOPRODUCTS INC; THE FYNDER GROUP INC,SUSTAINABLE BIOPRODUCTS INC; THE FYNDER GROUP INC,Nature's Fynd
Faerm Aps; Fynder Group Inc,Faerm Aps; Fynder Group Inc,Nature's Fynd
Nature's Fynd,Faerm Aps; Fynder Group Inc,Nature's Fynd
Nestle,Societe des Produits Nestle SA,Nestlé
Nestle,Societe des Produits Nestle SA; Nestle SA,Nestlé
Nestle,Societe des Produits Nestle SA; Nestle SA,Nestlé
New Culture,NEW CULTURE INC,New Culture
Nstx Industries Inc,Nstx Industries Inc,New School Foods
NSTX INDUSTRIES INC.,NSTX INDUSTRIES INC.,New School Foods
New Singularity,New Singularity,New Singularity
Newmilkbuzz BV,Newmilkbuzz BV,Newmilkbuzz BV
NextFerm,NextFerm Tech Ltd,Nextferm Tech
NextFerm,NEXTFERM TECH LTD; GAI BEN DOR; YAEL LIFSHITZ; Avi YOSEF; TZAFRA COHEN; ARKADIY HAIKIN; Masha FRIDMAN; Marina KHUTORIAN; Sivan MOR DANAN,Nextferm Tech
NextFerm,NEXTFERM TECH LTD; Paz Shemesh; TZAFRA COHEN; YAEL LIFSHITZ; Marina KHUTORIAN; YANIV HARARI,Nextferm Tech
NextFerm,NEXTFERM TECH LTD; TZAFRA COHEN; MORAN GENDELMAN; Marina KHUTORIAN; SIVAN MOR; Paz Shemesh; YAEL LIFSHITZ MEDVED,Nextferm Tech
NextFerm,TZAFRA COHEN; NEXTFERM TECH LTD; MORAN GENDELMAN; Marina KHUTORIAN; SIVAN MOR; Paz Shemesh; YAEL LIFSHITZ MEDVED,Nextferm Tech
Noblegen,Noblegen Inc,Noblegen
Nobel Corp,Nobel Corp,Noblegen
ノーブルジェン インコーポレイテッド,ノーブルジェン インコーポレイテッド,Noblegen
NoMy,NoMy,NoMy
NoPalm Ingredients,NOPALM INGREDIENTS B V,NoPalm Ingredients
Nosh.bio,NOSH.BIO GMBH,Nosh.bio
Nosh.Bio,Nosh.Bio,Nosh.bio
Nosh Bio GmbH; NoshBio GmbH,Nosh Bio GmbH; NoshBio GmbH,Nosh.bio
NoshBio GmbH,NoshBio GmbH,Nosh.bio
Nosh.bio,Commonwealth Scientific and Industrial Research Organization CSIRO; Nourish Ingredients Pty Ltd,Nourish Ingredients
Nosh.bio,COMMW SCIENT IND RES ORG; Nourish Ingredients Pty Ltd,Nourish Ingredients
Nourish Ingredients,NOURISH INGREDIENTS PTY LTD,Nourish Ingredients
Nourish Ingredients,Nourish Ingredients Pty Ltd; COMMW SCIENT IND RES ORG,Nourish Ingredients
Nourish Ingredients,Nourish Ingredients,Nourish Ingredients
Nourish Ingredients,ナリシュ イングリーディエンツ プロプライアタリー リミティド,Nourish Ingredients
NovaMeat,"NOVAMEAT TECH,S.L.",NovaMeat
Novamante Technology Co ltd,Novamante Technology Co ltd,NovaMeat
NOVAMEAT TECH S L,NOVAMEAT TECH S L,NovaMeat
Novameat Tech S L,Novameat Tech S L,NovaMeat
Novameat Tech,Novameat Tech SL,NovaMeat
Novonesis (formerly Chr Hansen/Novozymes),Chr Hansen AS,Novonesis
Novonesis (formerly Chr Hansen/Novozymes),Novozymes AS,Novonesis
Novonesis,CHR. HANSEN A/S,Novonesis
NovoNutrients,Oakbio Inc,NovoNutrients
NovoNutrients,OAKBIO INC; SEFTON BRIAN,NovoNutrients
Nuoshi Biotechnology Co ltd,Nuoshi Biotechnology Co ltd,Nuoshi Bio
Nurasa,Nurasa,Nurasa
Nutrition from Water,Nutrition from Water,Nutrition from Water
Nutritional Ingredients Private Ltd,Nutritional Ingredients Private Ltd,Nutritional Ingredients Private Ltd
Nutropy,Nutropy,Nutropy
Nutrumami,Nutrumami,Nutrumami
Nutrumami,Nutrumami Aps,Nutrumami
Odontella,ODONTELLA,Odontella
Odontella SAS,Odontella SAS,Odontella
ODS Protein,ODS Protein,ODS Protein
Ohayo Valley Inc,Ohayo Valley Inc,Ohayo Valley
Ohly,OHLY GMBH,Ohly
Ohly GMBH,Ouli Co ltd,Ohly
Ollie GmbH,オーリー ゲー・エム・ベー・ハー,Ohly
Omaiko,Omaiko,Omaiko
Onego Bio,Onego Bio,Onego Bio
Onima,Onima,Onima
Yeasty,Yeasty,Onima
Oobli,MIRACULEX INC,Oobli
Optimized Foods,Optimized Foods,Optimized Foods
Optimized Foods,Optimized Foods Inc,Optimized Foods
Organo Food Tech Corp,Organo Food Tech Corp,Organo Food Tech Corp
Organo Food Tech Corp,Organo Food Tech Corp,Organo Food Tech Corp
Otro Bio,Otro Bio,Otro Bio
Paleo,PALEO B V,paleo
Paleo,Paleo BV,paleo
Paleo,PALEO B V; Hermes SANCTORUM; Andy DE JONG,paleo
Paleo,パレオ・ベスローテン・ヴェンノーツハップ,paleo
Pario Corp,Pario Corp,Pario Corp
Perfect Day,PERFECT DAY INC,Perfect Day
Perfect Day,PERFECT DAY INC; BHATT VAIBHAV; CLARK LOUIS; GEISTLINGER TIMOTHY; LIN JANINE,Perfect Day
Perfect Day,"PERFECT DAY,INC",Perfect Day
Perfect Day,Perfect Japan Co Ltd; Perfect Day Inc,Perfect Day
Perfect Day,Perfect Day,Perfect Day
Perfect Day,パーフェクト・デイ・インコーポレイテッド,Perfect Day
Phycom,Phycom,Phycom
Phytolon,Phytolon Ltd,Phytolon
Phytolon,Phytolon,Phytolon
Phyx44 Labs,PHYX44 PTE LTD,Phyx44 Labs
Planeat Foods Pte Ltd,Planeat Foods Pte Ltd,Planeat
Planeat Foods Pte Ltd,プランイート フーズ プライベート リミテッド,Planeat
PLANETARIANS,USARIUM INC,Planetarians
Usarium,ウサリウム・インコーポレーテッド,Planetarians
Planetary Group,Planetary SA,Planetary
Planted Foods AG,Planted Foods AG,Planted Foods
Planted Foods AG,プランテッド フーズ アーゲー,Planted Foods
Plantopia,Plantopia,Plantopia
Pleurette,Pleurette,Pleurette
Polopo,POLOPO LTD,PoLoPo
PoLoPo,POLOPO LTD.,PoLoPo
POSEIDONA,POSEIDONA,Poseidona
Pow.bio,Pow Genetic Solutions Inc,Pow.bio
Pow.bio,"POW GENETIC SOLUTIONS,INC.",Pow.bio
Pow.bio,POW GENETIC SOLUTIONS INC; EMRICH CHARLES; HALL SHANNON; LEE BRIAN; WANG OUWEI,Pow.bio
Pow.bio,POW GENETIC SOLUTIONS INC; HALL SHANNON; WANG OUWEI; LEE BRIAN; HUBBARD STEPHEN,Pow.bio
Power to Protein (Avecom),AUSTEP AUSTEAM ENVIRONMETAL PROTECT ION S R L; AVECOM N V,Power to Protein
Power to Protein (Avecom),Avecom N V,Power to Protein
Power to Protein (Avecom),Avecom N V; Avecom Nv; Cb Groep bvba,Power to Protein
Power to Protein (Avecom),AVECOM N V; CB GROEP BVBA,Power to Protein
Power to Protein (Avecom),Avecom N V; Universiteit Gent,Power to Protein
Power to Protein (Avecom),UNIV GENT; AVECOM N V; DE WINDT WIM; VERCAUTEREN TOM; VERSTRAETE WILLY,Power to Protein
PreFer Food,PreFer Food,PreFer Industries
Prefer Pte Ltd,Prefer Pte Ltd,PreFer Industries
Prime Roots,TERRAMINO INC,Prime Roots
Prime Roots,TERRAMINO INC.,Prime Roots
Prime Roots,Tranmino Ltd,Prime Roots
Procter and Gamble Co,Procter and Gamble Co,Procter and Gamble Co
Promyc (fmr. Mycorena),Promyc,Promyc (Mycorena)
Mycorena,Mycorena AB,Promyc (Mycorena)
Mycorena,Nair Ramkumar Balachandran; Mycorena AB,Promyc (Mycorena)
Protein Brewery,Protein Brewery,The Protein Brewery
Protein Brewery,Protein Brewery BV,The Protein Brewery
Protein Brewery,THE PROTEIN BREWERY B V,The Protein Brewery
Protein Brewery,Wim De Laat Consultancy BV; Protein Brewery BV,The Protein Brewery
Proteins Of Tomorrow,Proteins Of Tomorrow BV,Proteins of Tomorrow
Proteins of Tomorrow,PROTEINS OF TOMORROW B V,Proteins of Tomorrow
Pullulo Pte Ltd,Pullulo Pte Ltd,Pullulo
Purac Biochem BV,PURAC BIOCHEM BV; KARLEEN SAFFIERA; WIJMAN JOHANNA GERARDA ELISABETH; KUMAR SAURABH; HILHORST GERRIT ANTHON RENE; MCCOY GARRETT DOUGLAS,Purac Biochem BV
Pureture,Pureture,PURETURE
Pureture (Armored Fresh Technologies),Pureture (Armored Fresh Technologies),PURETURE
Quazy Foods,Quazy Foods,Quazy Foods
Red River Innovations,Red River Innovations,Red River Innovations
Remilk,Re Milk Ltd,ReMilk
Remilk,RE MILK LTD; COHAVI ORI; SHARON LIAM; TASSA MATANEL,ReMilk
Remilk,RE MILK LTD; WOLFF AVIV; GAYDAR VERA; COHAVI ORI,Remilk
RE MILK LTD; BEN YISHAI NOA; SHARON LIAM,RE MILK LTD; BEN YISHAI NOA; SHARON LIAM,ReMilk
RE MILK LTD; ROMANO ALON; URITSKI RAM,RE MILK LTD; ROMANO ALON; URITSKI RAM,ReMilk
RenewFood,RenewFood,ReNewFood
Republic of Korea: Rural Dev Adm,REPUBLIC KOREA MAN RURAL DEV ADMIN,Republic of Korea: Rural Dev Adm
Revyve (fmr. Fumi Ingredients),ANHEUSER BUSCH INBEV PROCUREMENT GMBH; FUMI INGREDIENTS B V,Revyve
Revyve (fmr. Fumi Ingredients),FUMI INGREDIENTS B V,Revyve
Rewild Bio,REWILD BIO PRIVATE LIMITED,Rewild Bio
Rim Corp,Rim Corp,Rim Corp
Section Hansen Co ltd,Section Hansen Co ltd,Section Hansen Co ltd
"Shinsegae Food Co.,Ltd.; Chung-Ang University Industry-Academia Cooperation Foundation",주식회사 신세계푸드; 중앙대학교 산학협력단,Shinsegae Food
SHINSEGAE FOOD INC,SHINSEGAE FOOD INC; UNIV CHUNG ANG IND ACAD COOP FOUND,Shinsegae Food
"Shiru,Inc.",Shiru Inc,Shiru
"Shiru,Inc.",SHIRU INC; FARWELL CHRISTOPHER; AKIVA EYAL; LEVERENZ RYAN; MYERS JANELLE; KUNIBE AKEMI; VASUDEVAN PRASANNA; VOOGT JASON; HUME JASMIN,Shiru
"Shiru,Inc.",SHIRU INC; HUME JASMIN; DUBOURG FELONNEAU GEOFFROY; KUNIBE AKEMI; AKEVA EYAL; LEE LAWRENCE,Shiru
"Shiru,Inc.",SHIRU INC; LEVERENZ RYAN; ATIK CARL; KIM ALINA; KIRK ELIZABETH; MENNAH GOVELA YAMILE; MYERS JANELLE; VOOGT JASON,Shiru
Shiru,Akeva Eyal; Shiru Inc,Shiru
Sifotek AS,Sifotek AS,SifoTEK
SimpliiGood,Algaecore Technologies Ltd,SimpliiGood
"Smallfood,Inc.",SMALLFOOD INC,Smallfood
Solar Foods,SOLAR FOODS OY,Solar Foods
Solar Foods,SOLAR FOODS OY; ERCILI CURA DILEK; PITK?NEN JUHA PEKKA,Solar Foods
Solar Foods,SOLAR FOODS OY; ERCILI CURA DILEK; VAINIKKA PASI; PITK?NEN JUHA PEKKA; R?NNING SISSEL; WUBSHET SILESHI; SOLBERG NINA; ?VERBY LENE; DANKEL KATINKA,Solar Foods
Solar Foods,SOLAR FOODS OY; H?K?MIES ANNA,Solar Foods
Solar Foods,SOLAR FOODS OY; H?K?MIES ANNA; NISOV ANNI,Solar Foods
Solar Foods,SOLAR FOODS OY; J?MS? TYTTI; PITK?NEN JUHA PEKKA; SALUSJ?RVI LAURA,Solar Foods
Solar Foods,SOLAR FOODS OY; JUHA PEKKA PITK?NEN,Solar Foods
Solar Foods,SOLAR FOODS OY; JUHA PEKKA PITK?NEN; PASI VAINIKKA,Solar Foods
Solar Foods,SOLAR FOODS OY; SAMI HOLMSTR?M; JUHA PEKKA PITK?NEN,Solar Foods
Solar Foods,SOLAR FOODS OY; TERVASM?KI PETRI,Solar Foods
Solar Foods,SOLAR FOODS OY; VAINIKKA PASI; PITK?NEN JUHA PEKKA,Solar Foods
Solar Foods,Solar Foods Oyj,Solar Foods
Sophie's Bionutrients,Sophie's Bionutrients Pte Ltd; Sophies Bionutrients Pte Ltd,Sophie's BioNutrients
Sophie's BioNutrients,SOPHIES BIONUTRIENTS PTE LTD,Sophie's BioNutrients
Sophie's Bionutrients,SOPHIES BIONUTRIENTS PTE LTD; Sophie's BioNutrients Pte. Ltd.,Sophie's BioNutrients
Sophie's Bionutrients Pte Ltd,Sophie's Bionutrients Pte Ltd,Sophie's BioNutrients
(주)소유에프앤비,(주)소유에프앤비,"Soyou F&B Co.,Ltd."
Spread Co Ltd,Spread Co Ltd,Spread Co Ltd
Spread Co Ltd Japan,Spread Co Ltd Japan,Spread Co Ltd
Standard Oil Co,Standard Oil Co,Standard Oil Co
Standing Ovation,STANDING OVATION,Standing Ovation
Standing Ovation,STANDING OVATION; CHAYOT ROMAIN; DIALLO MAMOU; LORILLI?RE MARION,Standing Ovation
Stichting Eco Consult,Stichting Eco Consult,Stichting Eco Consult
String Bio,String Bio Private Ltd,String Bio
SUJISLINK CO LTD,SUJISLINK CO LTD,SUJIS LINK
Sun Bear Biofuture,Sun Bear Biofuture,Sun Bear Biofuture
Sun Bear Biofuture Ltd,Sun Bear Biofuture Ltd,Sun Bear Biofuture
Sun Food Co Ltd,Sun Food Co Ltd,Sun Food Co Ltd
"Superbrewed Food,Inc.",Advancebio LLC; Superbrewed Food Inc,Superbrewed Food
"Superbrewed Food,Inc.",SUPERBREWED FOOD INC,Superbrewed Food
"Superbrewed Food,Inc.",SUPERBREWED FOOD INC; BRYAN TRACY; AHARON M EYAL; SASSON SOMEKH; SHAWN JONES; Daniel Knox Mitchell; ALON KARPOL; KARTHEEK ANKELLA ANDERSON,Superbrewed Food
"Superbrewed Food,Inc.",SUPERBREWED FOOD INC; BRYAN TRACY; ALON KARPOL; AHARON MEIR EYAL,Superbrewed Food
"Superbrewed Food,Inc.","Superbrewed Food,Inc",Superbrewed Food
"Superbrewed Food,Inc.",White Dog Labs Inc; Superbrewed Food Inc,Superbrewed Food
Superbrewed Foods,SuperBrewed Foods,Superbrewed Food
"SUPERBREWED FOOD,INC.","SUPERBREWED FOOD,INC.",Superbrewed Food
SUPERHUMN,SUPERHUMN,SUPERHUMN
Supreme,シュプレム,Supreme
Sutuo Technology Beijing Co ltd,Sutuo Technology Beijing Co ltd,Sutuo Technology Beijing Co
Sutuo Technology Beijing Co ltd; Beijing Technology and Business University,Sutuo Technology Beijing Co ltd; Beijing Technology and Business University,Sutuo Technology Beijing Co
Sutuo Technology Beijing Co ltd; China Agricultural University,Sutuo Technology Beijing Co ltd; China Agricultural University,Sutuo Technology Beijing Co
Synbio Technologies,Synbio Technologies,Synbio Technologies
Tablemark Co Ltd,Tablemark Co Ltd,Tablemark Co Ltd
Technical Univeristy Munich,Technische Universitaet Muenchen,Technical University Munich
Technical University of Munich,テクニッシェ ウニベルシタット ミュンヘン,Technical University Munich
Tempty Foods,TEMPTY FOODS APS,Tempty Foods
Terraferma Foods Inc,Terraferma Foods Inc,Terraferma Foods
The Better Meat Co.,THE CULTIVATED B GMBH,The Cultivated B
The Better Meat Co.,THE CULTIVATED B GMBH; BALI JITIN; BITTENCOURT MELANI Nat?lia; BLUTHARDT NICOLAI; DAUBNER GERRIT; GALPERIN ILYA; KOLODZIEJ MATHEUS; UEDA YUICHIRO,The Cultivated B
The Cultivated B,Cultivated B GmbH,The Cultivated B
Protein Distillery GmbH,Proteindistillery GmbH,ProteinDistillery
Plant Meat Ltd,Plant Meat Ltd,THIS
Those Vegan Cowboys,NewMilkLab NV,Those Vegan Cowboys
Those Vegan Cowboys,Those Vegan Cowboys,Those Vegan Cowboys
Tianjin Institute of Industrial Biotechnology of CAS,Tianjin Institute of Industrial Biotechnology of CAS,Tianjin Meilian Food Co ltd
Tianjin Meilian Food Co ltd,Tianjin Meilian Food Co ltd; Tianjin Institute of Industrial Biotechnology of CAS,Tianjin Meilian Food Co ltd
Tianjin University of Commerce,Tianjin University of Commerce,Tianjin University of Commerce
Triton Algae Innovations,TRITON ALGAE INNOVATIONS INC,Triton Algae Innovations
Triton Algae Innovations,"TRITON ALGAE INNOVATIONS,INC.",Triton Algae Innovations
Triton Algae Innovations,Triton Algae Innovations; Triton Algae Innovations Inc,Triton Algae Innovations
Triton Algae Innovations,Triton Algae Innovations Ltd,Triton Algae Innovations
TurtleTree,TURTLETREE LAB PTE LTD,TurtleTree
TurtleTree,TURTLETREE LABS PTE LTD,TurtleTree
Typcal,Typcal,Typcal
ULTIMEAT TECH SDN BHD; ULTIMEAT (M) SDN BHD,ULTIMEAT TECH SDN BHD; ULTIMEAT (M) SDN BHD,ULTIMEAT
Ummino,BOTANY AL INC DBA UMMINO,Ummino
Unibio A/s,UNIBIO A S,UniBio
Unibio A/s,UNIBIO A/S,UniBio
Unilever,Unilever IP Holdings BV,Unilever
Unilever,UNILEVER IP HOLDINGS B V; CONOPCO INC DBA UNILEVER,Unilever
Unilever,UNILEVER NV; UNILEVER PLC; CONOPCO INC DBA UNILEVER,Unilever
Unilever IP Holdings BV; Conopco Inc,Unilever IP Holdings BV; Conopco Inc,Unilever
Universidad de Valladolid,Universidad de Valladolid,Universidad de Valladolid
Updairy,Updairy,Updairy
Vegout Fungi Ltd,Vegout Fungi Ltd; Jk Holding BV,Vegout Fungi Ltd
Bon Vivant,Bon Vivant,Verley
Verley (formerly Bon Vivant),Verley,Verley
Verley (fmr. Bon Vivant),BON VIVANT; MIMOUNI ARNAUD; MULDER KELLY; BRIAND H?L?NE; PIOLA LENA,Verley
Verley (fmr. Bon Vivant),BON VIVANT; MIMOUNI ARNAUD; MULDER KELLY; BRIAND H?L?NE; PIOLA LENA,Verley
Viridos Inc,Viridos Inc,Viridos Inc
Viridos Inc,Synthetic Genomics Inc,Viridos Inc
Synthetic Genomics,シンセティック ジェノミクス インコーポレーテッド,Viridos Inc
Vivici,Vivici BV,Vivici
,ボヤージ フーズ インコーポレイテッド,Voyage Foods Incorporated
VTT,TEKNOLOGIAN TUTKIMUSKESKUS VTT OY; LAPPEENRANNAN LAHDEN TEKNILLINEN YLIOPISTO LUT; SOLAR FOODS OY; LAURI NYGREN; ANDREY LANA; JERO AHOLA; VESA RUUSKANEN; JUHA PEKKA PITK?NEN,VTT
VTT,NEWMILKBUZZ B V,VTT
Teknologian Tutkimuskeskus Vtt Oy,Teknologian Tutkimuskeskus Vtt Oy,VTT
VTT Technical Research Centre of Finland Ltd,VTT Technical Research Centre of Finland Ltd,VTT
Walding Foods,WALDING FOODS GMBH,Walding Foods
WEMEET CORP,WEMEET CORP,WeMeet
Wholesome Savor,Wholesome Savour Pte Ltd,Wholesome Savor
Wild Earth Inc,WILD EARTH INC; IN CHI YOUNG; CHOI SO YEON,Wild Earth
Wild Earth Inc,WILD EARTH INC,Wild Earth
Wuxi Yiyu Technology Development Co Ltd,Wuxi Yiyu Technology Development Co Ltd,Wuxi Yiyu Technology Development Co Ltd
Yali Bio,Yali Bio,Yali Bio
Yali Biosciences Inc,Yali Biosciences Inc,Yali Bio
Yang Ju-seok,양주석,Yang Ju-seok
Yeap,YEAP LTD,Yeap
Yeap,YEAP LTD; DIDIER TOUBIA; DOMINIK GRABINSKI,Yeap
Yeap,YEAP LTD; DIDIER TOUBIA; DOMINIK GRABINSKI; KLES KEREN; Yonatan GOSHEN,Yeap
Yeap,Yipu Co ltd,Yeap
YeastUp,Yeastup Ag,Yeastup
Yemoja,YEMOJA LTD,Yemoja
Yemoja,YEMOJA LTD; ארז אשכנזי; עמיקם בר גיל; משה עברון,Yemoja
Zero Acre Farms,ZERO ACRE FARMS INC,Zero Acre
Cemvita Factory Inc,Cemvita Factory Inc,Zero Acre
Zero Cow Factory,HENI INNOVATION PRIVATE LTD,Zero Cow Factory
Zhejiang University of Technology ZJUT,Zhejiang University of Technology ZJUT,Zhejiang University ZJU
Zhejiang University ZJU,Zhejiang University ZJU,Zhejiang University ZJU